name,name_ko,category,latitude,longitude,opening_hours,website,status,opening_hours_source,verification_level,verified_at
道頓堀グリコサイン,도톤보리 글리코 사인,명소,34.668926,135.5010546,상시 관람 가능 (점등: 일몰 후~24:00),,운영중,https://www.glico.com/jp/health/contents/glicosign/,공식,2026-09-16
通天閣,쓰텐카쿠,명소,34.6525606,135.50629162857143,"09:00-21:45 (일반 전망대, 최종입장 21:15)",https://www.tsutenkaku.co.jp/,운영중,https://www.tsutenkaku.co.jp/annai/,공식,2026-09-16
新世界,신세카이,명소,34.6520901,135.5061908,상시 접근 가능 (개별 점포 영업시간 상이),,운영중,https://www.city.osaka.lg.jp/naniwa/page/0000001012.html,공공,2026-09-16
アメリカ村,아메리카무라,명소,34.672085,135.4979465,상시 접근 가능 (개별 점포 영업시간 상이),,운영중,,장소특성,2026-09-16
黒門市場,구로몬시장,명소,34.666272,135.5070387,점포별 상이 (방문 권장 시간대 약 09:00-18:00),,운영중,https://osaka-info.jp/spot/kuromon-market/,관광공식,2026-09-16
心斎橋筋商店街,신사이바시스지 상점가,명소,34.6742186,135.5013722,점포별 상이,https://shinsaibashi-noh.jp/,운영중,https://www.shinsaibashi.or.jp/contact/faq,공식,2026-09-16
空中庭園展望台,우메다 공중정원 전망대,명소,34.7053004,135.4901397,09:30-22:30 (최종입장 22:00),,운영중,https://www.skybldg.co.jp/observatory/information/,공식,2026-09-16
HEP FIVE観覧車,HEP FIVE 관람차,명소,34.70399392857143,135.50003475714286,11:00-23:00 (최종탑승 22:45),,운영중,https://www.hepfive.jp/ferriswheel,공식,2026-09-16
大阪城,오사카성,문화,34.68633084444444,135.52545914722222,09:00-18:00 (최종입장 17:30),,운영중,https://www.osakacastle.net/guide/,공식,2026-09-16
大阪天満宮,오사카 텐만구,문화,34.69620205151515,135.51298887575757,"05:30-18:30 (하절기 기준, 계절 변동 가능)",https://osakatemmangu.or.jp/,운영중,https://osakatemmangu.or.jp/1332,공식,2026-09-16
四天王寺,시텐노지,문화,34.6545283025641,135.5155184230769,04-09월 08:30-16:30 / 10-03월 08:30-16:00 (외부 참배 24시간),https://shitennoji.or.jp,운영중,https://www.shitennoji.or.jp/admission.html,공식,2026-09-16
大阪歴史博物館,오사카 역사박물관,문화,34.6826183,135.5208131,"09:30-17:00 (화요일 휴관, 공휴일이면 다음날)",https://www.osakamushis.jp/,운영중,https://www.osakamushis.jp/visit/fee.html,공식,2026-09-16
大阪中之島美術館,오사카 나카노시마 미술관,문화,34.69269993,135.49118758,"화-일 10:00-17:00 (월요일 휴관, 전시별 변동 가능)",https://nakka-art.jp/,운영중,https://nakka-art.jp/visit/info/,공식,2026-09-16
大阪市立科学館,오사카 시립과학관,문화,34.69127604193548,135.49152248064516,"09:30-17:00 (월요일 휴관, 공휴일이면 다음 평일)",https://www.sci-museum.jp/,운영중,https://www.sci-museum.jp/info/,공식,2026-09-16
大阪城公園,오사카성 공원,자연,34.68730420141844,135.5268453829787,상시 접근 가능 (공원 내 개별 시설 별도),https://osakacastlepark.jp/,운영중,https://osakacastlepark.jp/,장소특성,2026-09-16
中之島公園,나카노시마 공원,자연,34.692417983333335,135.5075474,상시 접근 가능 (개별 시설 별도),,운영중,,장소특성,2026-09-16
中之島公園バラ園,나카노시마 공원 장미원,자연,34.6920064,135.5089783,상시 접근 가능 (행사·관리 시 변동 가능),,운영중,,장소특성,2026-09-16
天王寺公園,덴노지 공원,자연,34.65095327419355,135.51115384032258,"07:00-22:00 (텐시바 기준, 개별 점포 별도)",https://www.osakapark.osgf.or.jp/tennoji/,운영중,https://www.tennoji-park.jp/,공식,2026-09-16
靱公園,우츠보 공원,자연,34.685036163157896,135.4936313263158,상시 접근 가능 (개별 시설 별도),,운영중,,장소특성,2026-09-16
なんばパークス,난바 파크스,쇼핑,34.661731957692304,135.50169774615384,쇼핑 11:00-21:00 / 레스토랑 11:00-22:00,https://nambaparks.com/,운영중,https://nambaparks.com/facilities,공식,2026-09-16
高島屋,다카시마야 오사카점,쇼핑,34.6646286,135.5017961,10:00-20:00 (일부 매장 상이),https://www.takashimaya.co.jp/osaka,운영중,https://www.takashimaya.co.jp/osaka/businesshours/,공식,2026-09-16
大丸 心斎橋店 本館,다이마루 신사이바시점,쇼핑,34.67327937777778,135.5009304888889,10:00-20:00 (레스토랑층 등 일부 상이),https://www.daimaru.co.jp/shinsaibashi,운영중,https://www.daimaru.co.jp/shinsaibashi/hours.html,공식,2026-09-16
阪神梅田本店,한신 우메다 본점,쇼핑,34.7011649,135.4986066,10:00-20:00 (일부 매장 상이),https://www.hanshin-dept.jp/hshonten/,운영중,https://www.hanshin-dept.jp/hshonten/map/index.html,공식,2026-09-16
心斎橋PARCO,신사이바시 PARCO,쇼핑,34.67390001176471,135.50104050588234,물판·서비스 10:00-20:00 (식당층 별도),https://shinsaibashi.parco.jp/,운영중,https://shinsaibashi.parco.jp/info/,공식,2026-09-16
かに道楽,카니도라쿠,식사,34.6688634,135.5015017,11:00-23:00,https://douraku.co.jp/,운영중,https://www.douraku.co.jp/,OSM+공식점포확인,2026-09-16
一蘭 道頓堀店別館,이치란 도톤보리점,식사,34.668449,135.503214,24시간 (맛집중 카운터) / 테이블석 08:00-23:00,https://ichiran.com/shop/kinki/dotonbori-south/,운영중,https://ichiran.com/shop/kinki/dotonbori-south/,공식,2026-09-16
釜たけうどん明石焼 LINKSヨドバシ梅田店,카마타케 우동,식사,34.7040777,135.4960769,11:00-23:00,https://kamatake.com/shop/links-yodobashi-umeda/,운영중,https://kamatake.com/shop/links-yodobashi-umeda/,공식,2026-09-16
総大醤,소다이쇼,식사,34.710236,135.507619,11:00-24:00 (연중무휴),,운영중,https://www.soudaisyou.com/access.html,공식,2026-09-16
丸福珈琲店,마루후쿠 커피,카페,34.6890073,135.5059322,08:00-23:00 (천日前 본점 기준),,운영중,https://marufukucoffeeten.com/store/area/kansai/,공식,2026-09-16
Brooklyn Roasting Company,브루클린 로스팅 컴퍼니,카페,34.6738057,135.500983,평일 09:00-20:00 / 토·일·공휴일 08:00-20:00 (NAMBA 기준),http://brooklynroasting.jp/,운영중,http://brooklynroasting.jp/,운영정보,2026-09-16
